AL12EF	51.73838	-0.33180
AL14BH	51.76016	-0.31195
AL15QJ	51.74406	-0.31371
AL21PU	51.72284	-0.29963
AL23HG	51.73090	-0.35741
AL49QL	51.76626	-0.30681
AL49TU	51.76313	-0.30598
AL51DJ	51.80542	-0.34605
B210RE	52.50053	-1.93821
B459RX	52.39753	-2.01751
B64UU	52.49897	-1.89454
BA111BE	51.23356	-2.32006
BA111BS	51.23200	-2.32155
BA111DS	51.23043	-2.32224
BA112AH	51.23610	-2.31395
BA113BS	51.23298	-2.32639
BA113DE	51.23349	-2.32736
BA115AJ	51.21982	-2.31760
BA160HZ	51.12423	-2.74168
BA201EX	50.94177	-2.62940
BA213DY	50.95258	-2.64899
BA227NH	51.02219	-2.57772
BA35AN	51.22492	-2.52684
BA45BU	51.18989	-2.54781
BA45EF	51.19215	-2.54619
BA46HZ	51.14688	-2.50382
BA46JP	51.14825	-2.50554
BA51RG	51.18735	-2.67984
BA52PQ	51.20946	-2.64948
BA69EL	51.14674	-2.71730
BA69LZ	51.14848	-2.72726
BA69SS	51.17060	-2.78948
BA77AH	51.08958	-2.51356
BA77EP	51.08579	-2.51685
BA80QA	50.97961	-2.39748
BA99HB	51.05475	-2.40717
BD80UU	53.79496	-1.81627
BL00NT	53.66033	-2.31845
BL09AE	53.64914	-2.31934
BL09AL	53.64671	-2.31532
BL13UR	53.58887	-2.43934
BL15QP	53.59139	-2.47108
BL15TE	53.59279	-2.47919
BL18UA	53.59960	-2.41755
BL21JF	53.57543	-2.41735
BL22JA	53.59055	-2.41417
BL22LE	53.59188	-2.41213
BL22SS	53.58157	-2.40233
BL25JF	53.59155	-2.38310
BL25JG	53.59017	-2.38587
BL26AW	53.57990	-2.40750
BL31HH	53.56198	-2.37190
BL33BT	53.56102	-2.43108
BL35PA	53.56835	-2.45172
BL35PD	53.57056	-2.45078
BL36YE	53.56801	-2.43053
BL48EA	53.54357	-2.38069
BL48JP	53.53950	-2.37637
BL49PU	53.54366	-2.41169
BL53DS	53.55149	-2.51890
BL66HT	53.58641	-2.52548
BL81HS	53.60868	-2.31360
BL82NZ	53.58906	-2.31830
BL90BW	53.59306	-2.29709
BL90DG	53.59149	-2.29906
BL90DR	53.59105	-2.29958
BL90HE	53.59320	-2.30295
BL90LY	53.59512	-2.29505
BL95DH	53.60448	-2.29176
BL96AB	53.59770	-2.28842
BL96AH	53.59746	-2.28707
BL96JZ	53.60050	-2.27479
BL97NG	53.59681	-2.26894
BL98ES	53.56159	-2.28660
BL99AU	53.58387	-2.29701
BL99DN	53.58498	-2.28722
BN107NJ	50.79281	-0.00350
BN108HR	50.79219	0.00215
BN208QX	50.78311	0.25472
BN213EJ	50.76814	0.29152
BN213NX	50.76802	0.28851
BN213PL	50.76797	0.29087
BN213QY	50.77051	0.28462
BN220UT	50.80549	0.27060
BN227NN	50.77406	0.29624
BN229PB	50.80016	0.27969
BN237AX	50.79593	0.31597
BN237DX	50.79739	0.31393
BN251SS	50.77441	0.10763
BN252HE	50.77910	0.10180
BN252RB	50.78071	0.08344
BN71BL	50.87590	-0.00096
BN72BY	50.87803	0.01666
BN72NS	50.87368	0.01187
BN84AN	50.93699	-0.01918
BN85QH	50.89294	0.05569
BN99BA	50.79674	0.04956
BN99LH	50.79143	0.04909
BN99NA	50.79358	0.04528
BR11EX	51.40376	0.01444
BR11HU	51.40209	0.01482
BR11RY	51.40576	0.01696
BR14PX	51.41979	0.01480
BR15AF	51.42051	0.02108
BR20HG	51.40196	0.00180
BR20JP	51.40031	-0.00584
BR27LH	51.37813	0.01731
BR28AP	51.39025	0.04516
BR28AT	51.39027	0.05127
BR28JX	51.38595	0.04239
BR28PE	51.37418	0.04309
BR31HX	51.40915	-0.03200
BR33JN	51.39358	-0.02690
BR34PE	51.40863	-0.03696
BR40PW	51.37810	-0.01615
BR40SH	51.37509	-0.00995
BR49AA	51.37608	-0.00691
BR49BU	51.37192	0.00335
BR49JS	51.37449	-0.01737
BR51BP	51.38947	0.06923
BR51HD	51.37874	0.07903
BR52LJ	51.39567	0.10749
BR52RW	51.40504	0.09966
BR54NH	51.37550	0.12067
BR60RZ	51.37254	0.09464
BR60TW	51.37697	0.10170
BR66AA	51.35204	0.09021
BR67RL	51.35752	0.12839
BR68JE	51.37291	0.06811
BR69EP	51.36409	0.10499
BR69QB	51.36523	0.08475
BR69UE	51.36423	0.09107
BR76DA	51.42121	0.06269
BS284AB	51.22784	-2.80981
BT319DQ	54.25775	-5.94315
BT387SP	54.73491	-5.80756
BT388YF	54.70872	-5.84014
BT402AH	54.86234	-5.84037
BT402QX	54.89853	-5.85968
BT402SF	54.84156	-5.86038
BT422QG	54.82778	-6.34192
BT423HQ	54.85030	-6.24591
BT424JY	54.89335	-6.21098
BT436EB	54.86723	-6.27342
BT436HA	54.87337	-6.27072
CB19AQ	52.20225	0.18939
CB215JG	52.19562	0.26657
CB215NX	52.14510	0.37205
CB232RL	52.18593	-0.01336
CB236GW	52.21898	-0.06390
CB237DY	52.18981	0.01861
CB237QJ	52.21764	0.00991
CB237ZH	52.20781	-0.02616
CB241FD	52.28869	0.05526
CB245HS	52.31458	0.06133
CB259DD	52.22164	0.26186
CB259FD	52.26897	0.16207
CB259JG	52.23932	0.18513
CB39NW	52.18010	0.08923
CB61PS	52.45741	0.30409
CB63HG	52.36532	0.24501
CB63SS	52.35830	0.15198
CB75NG	52.31177	0.38779
CB75PL	52.33291	0.34141
CB89DX	52.22460	0.48388
CB89TS	52.19853	0.40131
CF327AB	51.60209	-3.54125
CF327AJ	51.60480	-3.54173
CF327BL	51.60374	-3.54204
CF327DH	51.59819	-3.54373
CF327ET	51.61187	-3.54331
CF327LT	51.58286	-3.54463
CF327ND	51.62000	-3.53658
CF327SE	51.61873	-3.53615
CF328DE	51.60762	-3.58245
CF328ES	51.61018	-3.58501
CF328HB	51.61120	-3.58177
CF328NN	51.61544	-3.58593
CF328SU	51.57230	-3.59075
CF328TB	51.56736	-3.58811
CF328YD	51.56550	-3.58572
CF329PF	51.53998	-3.58499
CF329SW	51.54152	-3.58316
CF329YF	51.54832	-3.56851
CF336AB	51.52966	-3.69191
CF336AE	51.52787	-3.69305
CF336AR	51.52609	-3.69812
CF336BS	51.52900	-3.69011
CF336BU	51.53038	-3.68563
CF336DU	51.53308	-3.67133
CF336ED	51.53423	-3.67757
CF336ET	51.53304	-3.68102
CF336ND	51.52922	-3.68758
CF340BU	51.62462	-3.66083
CF340HU	51.62078	-3.65972
CF340NB	51.60082	-3.64147
CF340ND	51.60009	-3.64057
CF340NE	51.59937	-3.64148
CF340PG	51.63819	-3.64891
CF340SR	51.63362	-3.65796
CF340YR	51.63683	-3.65478
CF349AA	51.60839	-3.65769
CF349AL	51.60609	-3.65625
CF349DS	51.60979	-3.66177
CF349EB	51.60895	-3.66383
CF349LD	51.59331	-3.64301
CF349LR	51.59981	-3.65979
CF349PW	51.61109	-3.66962
CF349SW	51.58710	-3.63440
CF349TE	51.58715	-3.63539
CF349UN	51.61030	-3.65882
CF349UT	51.61062	-3.65848
CF349YL	51.60867	-3.65344
CF355PE	51.52358	-3.49707
CF355RA	51.52524	-3.49833
CF356DT	51.57090	-3.53641
CF356SG	51.52869	-3.49832
CF356TB	51.52397	-3.50384
CF363AG	51.47934	-3.70504
CF363AP	51.47749	-3.70391
CF363DT	51.47981	-3.70313
CF363XB	51.47870	-3.70284
CF365BT	51.47941	-3.69539
CF365DF	51.48116	-3.69674
CF365HT	51.48379	-3.69476
CF365HW	51.48447	-3.69238
CF365PD	51.48457	-3.67690
CF365RR	51.48568	-3.68342
CR08EH	51.37766	-0.02704
CV130JS	52.62391	-1.40307
CV130JW	52.62499	-1.40123
CV130QH	52.66053	-1.38250
CV136AH	52.55566	-1.43906
DA144RY	51.43186	0.12974
DA146BX	51.42466	0.10473
DA157DU	51.43146	0.10257
DA159LU	51.45026	0.10423
DA161TJ	51.46218	0.10860
DA67BT	51.45736	0.14053
DA68NR	51.45711	0.13574
DA81RS	51.48136	0.17783
DA82HX	51.47230	0.18612
DD68JB	56.43192	-2.95120
DD69EA	56.44172	-2.87257
DH31DR	54.89598	-1.58049
DH31DW	54.89528	-1.58274
DH31LE	54.89679	-1.57715
DH31LZ	54.90100	-1.57707
DH32AJ	54.87953	-1.57273
DH32PJ	54.89481	-1.57432
DH32PU	54.89277	-1.57541
DH32QG	54.89368	-1.57782
DL166DB	54.69878	-1.60180
EC1R0HU	51.52556	-0.10740
EC1V0HP	51.52667	-0.10179
EC1V4NB	51.52648	-0.10455
EC1V8AJ	51.52740	-0.09666
EN110PU	51.77038	-0.00075
EN118HX	51.76435	-0.00877
EN26AX	51.65214	-0.08542
EN34DG	51.65001	-0.04684
EN36BW	51.67169	-0.03616
EN36GS	51.66858	-0.01699
EN36ND	51.67207	-0.03931
EN37FN	51.64865	-0.04594
EN76LB	51.70997	-0.05484
EX238LB	50.82810	-4.54519
G605JH	55.92566	-4.45851
G811DP	55.90101	-4.38880
G811EA	55.90187	-4.40472
G812DR	55.90642	-4.40515
G812HX	55.90920	-4.40196
G813EL	55.91260	-4.41504
G814ET	55.90887	-4.42495
G821BA	55.94604	-4.56324
G821LL	55.94329	-4.56930
G821SE	55.94483	-4.57259
G824JE	55.94792	-4.58542
G825AF	55.95107	-4.58730
HD62AF	53.70397	-1.78604
HD63JT	53.69009	-1.80299
HD63NE	53.68961	-1.79358
HD64HX	53.70440	-1.76244
HP11BS	51.74969	-0.47373
HP11DN	51.75409	-0.47309
HX11QG	53.72238	-1.85508
HX12AL	53.72044	-1.86420
HX13BG	53.71453	-1.88227
HX15AY	53.72278	-1.86617
HX28RX	53.74877	-1.90894
HX28SH	53.75366	-1.90906
HX29BU	53.74757	-1.88411
HX36EU	53.73298	-1.86490
HX36HG	53.73359	-1.86473
HX36LP	53.73420	-1.86555
HX37EJ	53.73990	-1.82997
HX38AA	53.72552	-1.81032
HX50DF	53.68487	-1.83771
HX61HB	53.70399	-1.93606
HX62QG	53.70894	-1.91270
HX76AA	53.74138	-2.01698
HX77BY	53.74233	-2.01310
HX78AD	53.74012	-2.01018
HX78EP	53.74123	-2.01206
IP209AS	52.40297	1.30010
IP214NL	52.39453	1.18825
IP222SE	52.39608	0.94370
IP224HQ	52.37374	1.12102
IP241PY	52.53313	0.83224
IP243LH	52.40562	0.74058
IP243PU	52.41114	0.73643
IP256AR	52.57109	0.82078
IP256EB	52.57182	0.82119
IP256JU	52.57155	0.85529
IP257AT	52.60670	0.78740
IP257LX	52.62798	0.89130
IP264NT	52.52310	0.55423
IP265AB	52.56048	0.60801
KA11BL	55.60969	-4.49952
KA11JN	55.61080	-4.49654
KA12BD	55.60861	-4.50392
KA12BT	55.60804	-4.50155
KA13AH	55.60845	-4.49522
KA13AN	55.60674	-4.49340
KA13BT	55.60813	-4.49139
KA14SR	55.58421	-4.50046
KA169DJ	55.60802	-4.32162
KA170AA	55.60987	-4.28148
KA170AQ	55.60969	-4.28367
KA181LD	55.45413	-4.26262
KA181LH	55.45257	-4.26100
KA182LA	55.47109	-4.29332
KA182LL	55.46902	-4.29965
KA182PE	55.45997	-4.36675
KA183HR	55.45854	-4.23123
KA183RH	55.52218	-4.06751
KA184AG	55.39819	-4.18385
KA184JG	55.39322	-4.17565
KA31HA	55.61473	-4.49861
KA31XB	55.62323	-4.48373
KA32SD	55.63937	-4.52754
KA33DN	55.67968	-4.52274
KA34AN	55.71241	-4.53500
KA35AP	55.68204	-4.51552
KA35BX	55.67832	-4.51843
KA35HD	55.68205	-4.51326
KA36JT	55.60320	-4.45672
KA37AA	55.60957	-4.49296
KA37PH	55.61943	-4.47144
KA37PR	55.61769	-4.47559
KA55BU	55.51539	-4.38101
KA55BZ	55.51604	-4.37983
KA55DA	55.51586	-4.37945
KA56LT	55.49989	-4.32625
KA66DF	55.39660	-4.59274
KA67AL	55.43578	-4.46218
KA67BZ	55.43164	-4.46003
KA67HB	55.40044	-4.44760
KA67QN	55.32417	-4.39719
KY102DH	56.20703	-2.76349
KY103EX	56.22412	-2.69748
KY113BZ	56.06061	-3.44696
KY114HE	56.06642	-3.42618
KY114JJ	56.07436	-3.42185
KY114JU	56.07588	-3.42640
KY114SX	56.06672	-3.45268
KY114UG	56.07458	-3.42510
KY118QS	56.05562	-3.44245
KY11SG	56.09926	-3.16411
KY11XF	56.10906	-3.16100
KY120BF	56.08069	-3.43344
KY120EH	56.08825	-3.43899
KY120EN	56.08923	-3.43888
KY120JQ	56.07840	-3.45108
KY120JY	56.07987	-3.44949
KY120PZ	56.08434	-3.46395
KY120UD	56.09826	-3.40702
KY127AW	56.07242	-3.46338
KY127DS	56.06666	-3.45831
KY127DU	56.06797	-3.45901
KY127HZ	56.07047	-3.45528
KY127JB	56.07178	-3.45746
KY128AD	56.07321	-3.46894
KY129EH	56.07709	-3.47447
KY12AG	56.12225	-3.14079
KY12TD	56.12601	-3.12456
KY13EZ	56.13419	-3.13815
KY146DA	56.35088	-3.24019
KY147BY	56.29364	-3.23419
KY147SY	56.26908	-3.31722
KY14AY	56.16736	-3.13915
KY14NS	56.15031	-3.09126
KY14QH	56.16682	-3.05871
KY14RQ	56.16117	-3.06505
KY154HA	56.31985	-3.01080
KY154LG	56.31936	-3.01666
KY155EQ	56.31758	-3.01410
KY155NA	56.29327	-2.97354
KY157HW	56.24704	-3.15677
KY160EZ	56.38237	-2.88241
KY160JW	56.37951	-2.88032
KY168BP	56.33414	-2.78046
KY25DG	56.12542	-3.16936
KY25LT	56.10228	-3.17266
KY25UA	56.12409	-3.17159
KY26LF	56.12352	-3.18722
KY26PS	56.13310	-3.19320
KY39JP	56.06448	-3.21698
KY39UB	56.07404	-3.17174
KY39YG	56.07511	-3.19190
KY40AQ	56.13540	-3.38174
KY48DP	56.09604	-3.36730
KY48LP	56.10901	-3.33553
KY49DD	56.11166	-3.34596
KY49JB	56.11969	-3.33230
KY49PA	56.10314	-3.35621
KY49QF	56.11197	-3.34377
KY49QQ	56.10935	-3.34714
KY50BW	56.14559	-3.26183
KY50EL	56.13918	-3.25042
KY58BA	56.15045	-3.33719
KY58BJ	56.15232	-3.32198
KY58JH	56.15998	-3.32646
KY59AA	56.12567	-3.31032
KY59DD	56.12926	-3.30660
KY59RE	56.12833	-3.31065
KY62NR	56.19057	-3.19290
KY74NT	56.18611	-3.14536
KY75RA	56.19411	-3.15306
KY76DS	56.20466	-3.13463
KY76SU	56.20859	-3.17097
KY81BH	56.17139	-3.03751
KY81JY	56.17226	-3.03251
KY81JZ	56.17304	-3.03153
KY81LD	56.17174	-3.03263
KY82GW	56.18768	-3.03547
KY83BT	56.18443	-3.01703
KY83EF	56.18609	-3.00788
KY83QR	56.18328	-3.01908
KY83RW	56.18824	-3.00296
KY84HE	56.19595	-2.99649
KY84HT	56.19799	-2.98829
KY84NE	56.19461	-2.99706
KY84PA	56.19278	-2.99972
KY84QP	56.19685	-3.00070
KY84RB	56.19646	-3.00627
KY84SH	56.20188	-2.99864
KY85DA	56.19297	-3.05269
KY85DF	56.19278	-3.05604
KY85DG	56.19363	-3.05964
KY85HX	56.21041	-3.04548
KY85LR	56.21263	-3.04740
KY91LS	56.22019	-2.84692
L203EN	53.44944	-2.98962
L204RW	53.45755	-3.00470
L205AE	53.45647	-2.99156
L206AD	53.46215	-2.98002
L206EX	53.46660	-2.97578
L207AP	53.44895	-2.99240
L207DH	53.44401	-2.99038
L207EJ	53.44570	-2.99044
L211EZ	53.47087	-3.01543
L218NS	53.46390	-2.99796
L220LG	53.47523	-3.02150
L221RD	53.47219	-3.02349
L225PE	53.47423	-3.02789
L235SE	53.49113	-3.02467
L300QS	53.49368	-2.97930
L301QW	53.47784	-2.97083
L303TL	53.49020	-2.97845
L305RD	53.48661	-2.97047
L317AG	53.50556	-2.94648
L317BB	53.50729	-2.94509
L373HA	53.55774	-3.06550
L373NG	53.56017	-3.05701
L374AN	53.55404	-3.06685
LA11HY	54.04920	-2.80154
LA12JH	54.06332	-2.80121
LA12LN	54.05710	-2.80265
LA13EA	54.04621	-2.78857
LA13HR	54.05532	-2.78696
LA13PY	54.04840	-2.79179
LA14AH	54.03789	-2.78758
LA14ER	54.03338	-2.78781
LA14TE	54.03607	-2.79568
LA15JR	54.05629	-2.82802
LA15PP	54.05007	-2.81437
LA26NB	54.07720	-2.75998
LA26ND	54.07589	-2.75580
LA26QE	54.08015	-2.75823
LA31UP	54.06262	-2.88636
LA31UT	54.06130	-2.88322
LA32BJ	54.04842	-2.89244
LA45DH	54.07184	-2.86568
LA45DL	54.07123	-2.86544
LA46LT	54.06429	-2.83246
LA50RA	54.16843	-2.82692
LA58DN	54.10329	-2.79089
LA58DW	54.10506	-2.78950
LA59DZ	54.12633	-2.77118
LA59SL	54.16711	-2.75676
LA59SU	54.17044	-2.76208
LE100AJ	52.54192	-1.37664
LE100EQ	52.55222	-1.37492
LE100EZ	52.55020	-1.39120
LE100LN	52.53669	-1.38413
LE100NF	52.53541	-1.40375
LE100XD	52.54503	-1.38818
LE101BZ	52.54037	-1.36963
LE101DW	52.54142	-1.37061
LE101PR	52.54297	-1.37030
LE169RU	52.42732	-0.95323
LE60DQ	52.66215	-1.22134
LE60FE	52.66128	-1.22754
LE60JF	52.64878	-1.24233
LE60JQ	52.64532	-1.24122
LE60LN	52.64922	-1.24498
LE671AH	52.66617	-1.31412
LE679TQ	52.68835	-1.31111
LE679UU	52.68543	-1.27859
LE679WG	52.68397	-1.27737
LE97AW	52.57882	-1.30329
LE97BP	52.57392	-1.30979
LE97ND	52.57572	-1.31801
LE99GE	52.62787	-1.29713
LE99JP	52.62633	-1.29451
LE99NN	52.62922	-1.34356
LE99PT	52.63080	-1.34137
LU14BP	51.85382	-0.43162
LU54AP	51.87847	-0.50555
LU54JD	51.88912	-0.52043
LU55ES	51.90498	-0.51937
LU55EY	51.90637	-0.51857
LU55FU	51.90122	-0.50934
LU55PY	51.91326	-0.50347
LU55RG	51.90918	-0.51248
LU56BP	51.94892	-0.53166
LU56LE	51.96410	-0.49124
LU61HT	51.88714	-0.52432
LU61QG	51.88391	-0.56959
LU62EX	51.86581	-0.61023
LU62QA	51.83100	-0.52085
LU63SN	51.88539	-0.52107
LU71EQ	51.91870	-0.66063
LU71EZ	51.91765	-0.65756
LU71RX	51.91502	-0.65904
LU72AF	51.90859	-0.67402
LU73XS	51.91692	-0.63726
M251AY	53.53291	-2.28422
M261PN	53.55851	-2.32518
M261WD	53.55886	-2.32244
M261WR	53.55808	-2.32304
M263TE	53.56243	-2.34374
M263WD	53.56730	-2.34757
M263WQ	53.56182	-2.32812
MK196JZ	52.05425	-0.89348
MK401EG	52.13716	-0.47704
MK401HU	52.13667	-0.47413
MK402PF	52.14703	-0.45606
MK410AP	52.14832	-0.42769
MK417QF	52.15424	-0.46488
MK417UY	52.16288	-0.45682
MK418QH	52.15576	-0.43325
MK419QJ	52.13725	-0.44406
MK428BQ	52.12052	-0.49028
MK430EU	52.07339	-0.59789
MK430FZ	52.06401	-0.61286
MK430NF	52.06104	-0.54963
MK451AH	52.01004	-0.51040
MK451HP	52.00166	-0.49525
MK451QJ	52.00142	-0.49868
MK451TH	52.00855	-0.50639
MK452NL	52.02602	-0.49544
N101PP	51.59464	-0.14621
N11BD	51.54074	-0.11655
N12SL	51.53894	-0.09890
N134EY	51.61558	-0.11062
N144PE	51.64457	-0.14481
N14AG	51.54664	-0.08232
N14NA	51.54811	-0.08445
N154AJ	51.58595	-0.07140
N168NA	51.55081	-0.08122
N170HJ	51.60284	-0.05977
N170JJ	51.60144	-0.05934
N170SL	51.60657	-0.05325
N176HF	51.59441	-0.08056
N17DF	51.53613	-0.09554
N182SJ	51.61367	-0.06284
N18HX	51.53655	-0.10076
N193RQ	51.56998	-0.12906
N193YJ	51.57276	-0.13219
N194RS	51.56113	-0.12963
N195PH	51.56567	-0.13563
N195SP	51.56382	-0.13377
N228EP	51.60234	-0.11329
N42DA	51.56350	-0.10750
N42DW	51.56362	-0.10299
N44BY	51.57217	-0.11865
N44DS	51.57385	-0.11281
N51ED	51.55970	-0.09911
N51PF	51.54923	-0.10715
N51SA	51.55245	-0.09870
N52DR	51.55528	-0.09207
N65AA	51.57711	-0.14636
N70JE	51.55241	-0.12939
N70JN	51.55271	-0.12507
N70ND	51.55627	-0.12528
N76JX	51.56034	-0.12195
N76QT	51.55873	-0.11697
N78DE	51.54847	-0.11615
N79EW	51.54825	-0.12544
N88JD	51.58342	-0.13101
N90BU	51.62346	-0.05808
N90LP	51.62568	-0.05153
N90NU	51.62112	-0.06217
N90PN	51.61830	-0.06250
N90TN	51.62351	-0.05847
N90UR	51.62851	-0.04401
N97BA	51.62882	-0.06012
N97EN	51.62901	-0.05660
N98LP	51.62822	-0.04623
NE100AL	54.95632	-1.57568
NE100HQ	54.95311	-1.56820
NE100QS	54.95417	-1.54505
NE100RL	54.95482	-1.54109
NE100ST	54.95573	-1.53370
NE100SX	54.95457	-1.53282
NE100UY	54.95247	-1.55141
NE108HR	54.94114	-1.54358
NE108NF	54.93904	-1.56030
NE108QH	54.93995	-1.54696
NE108UP	54.94196	-1.54500
NE109AE	54.94603	-1.55354
NE109LR	54.95162	-1.56736
NE109LT	54.95141	-1.57074
NE109RY	54.94064	-1.57413
NE110DP	54.93513	-1.63365
NE119BF	54.95455	-1.63953
NE119SS	54.95061	-1.64102
NE150DT	54.99630	-1.79117
NE163AD	54.95431	-1.68694
NE163EX	54.95245	-1.67982
NE164DN	54.94619	-1.67751
NE165BQ	54.93911	-1.69107
NE165DW	54.91720	-1.68398
NE177EP	54.91390	-1.81615
NE177HS	54.91838	-1.81795
NE177TQ	54.90558	-1.81570
NE180NA	55.04258	-1.87645
NE191AA	55.23310	-2.10299
NE200RL	55.04072	-1.95393
NE209BE	55.04992	-1.74004
NE209EG	55.04891	-1.74090
NE209PX	55.05018	-1.74454
NE215AE	54.96422	-1.71272
NE215BT	54.96388	-1.70947
NE215LU	54.95932	-1.70317
NE215PU	54.96306	-1.71147
NE215RW	54.95435	-1.72477
NE216AR	54.95316	-1.72833
NE226ED	55.13267	-1.60496
NE226JX	55.13220	-1.59868
NE227JN	55.14096	-1.56852
NE231DN	55.08658	-1.58366
NE231EN	55.08735	-1.58940
NE232UA	55.09612	-1.56888
NE236QQ	55.08609	-1.58430
NE236YB	55.08504	-1.59182
NE241AH	55.12754	-1.50846
NE241QU	55.14614	-1.52138
NE242BU	55.12681	-1.50621
NE242DJ	55.12706	-1.50689
NE242LE	55.12464	-1.51831
NE243AG	55.12809	-1.50201
NE244AS	55.10831	-1.53017
NE245BT	55.12522	-1.52040
NE245LA	55.12669	-1.54186
NE250BW	55.07062	-1.52588
NE250LB	55.06447	-1.50198
NE250RP	55.08412	-1.51803
NE264QX	55.08275	-1.47224
NE311LQ	54.97245	-1.51949
NE311UR	54.96834	-1.52265
NE312TD	54.96536	-1.51964
NE312UP	54.97113	-1.51548
NE323DZ	54.98066	-1.47189
NE323JA	54.98137	-1.49271
NE323QN	54.98097	-1.48647
NE323RT	54.97147	-1.46906
NE323UP	54.97304	-1.46745
NE324AQ	54.96227	-1.46811
NE324HX	54.96235	-1.46426
NE324QD	54.95368	-1.48772
NE325LP	54.96845	-1.49236
NE325QY	54.96544	-1.48759
NE331TA	54.99966	-1.43406
NE332DW	54.99957	-1.42936
NE332HZ	54.99888	-1.43103
NE332JF	54.99975	-1.42694
NE332JQ	55.00017	-1.42500
NE332LR	54.99843	-1.43128
NE332LS	54.99889	-1.42774
NE332QU	54.99650	-1.42667
NE333DW	54.99175	-1.42299
NE334DZ	54.98664	-1.42463
NE334JT	54.98418	-1.43162
NE334LU	54.99259	-1.42827
NE334SU	54.97784	-1.43534
NE335BP	54.98553	-1.44522
NE335LP	54.98144	-1.43974
NE340NA	54.96893	-1.43376
NE340NE	54.97146	-1.43949
NE340QJ	54.97606	-1.43416
NE340TY	54.96706	-1.44666
NE347TD	54.98461	-1.40015
NE349BP	54.97263	-1.45522
NE359DS	54.94990	-1.45389
NE360RY	54.94642	-1.44023
NE391HX	54.91932	-1.74846
NE391JT	54.92031	-1.74496
NE391PS	54.91857	-1.74419
NE392DB	54.92189	-1.77117
NE392JY	54.92127	-1.75574
NE403LU	54.97135	-1.76282
NE403SY	54.97992	-1.79068
NE404AA	54.95692	-1.78211
NE404NB	54.96678	-1.78912
NE404NQ	54.96736	-1.78899
NE418EE	54.97716	-1.81605
NE425AA	54.96138	-1.84975
NE425DQ	54.96136	-1.84560
NE425DT	54.96382	-1.83199
NE425ET	54.96312	-1.83973
NE425HH	54.96166	-1.85267
NE425HJ	54.96168	-1.85000
NE426HR	54.96093	-1.85562
NE426NP	54.96524	-1.86570
NE437DU	54.94434	-1.90209
NE446DS	54.94675	-1.97218
NE455AA	54.97459	-2.01863
NE461BZ	54.96763	-2.09609
NE461NQ	54.97052	-2.10152
NE461QS	54.97078	-2.09464
NE463LS	54.97025	-2.10290
NE463NP	54.97280	-2.10322
NE463PD	54.97280	-2.09670
NE470BQ	54.91516	-2.03343
NE475AR	55.00556	-2.19846
NE476JQ	54.97373	-2.24707
NE479HN	54.80228	-2.21980
NE479PP	54.89755	-2.25266
NE479PT	54.89789	-2.25170
NE479PX	54.90131	-2.24919
NE481HQ	55.23185	-2.57956
NE482AS	55.14322	-2.25560
NE482JP	55.14376	-2.25650
NE482TF	55.15905	-2.14158
NE490AX	54.97017	-2.46081
NE611AF	55.16965	-1.69059
NE611BE	55.16908	-1.69101
NE611HW	55.17004	-1.68773
NE611PR	55.16600	-1.69106
NE611TD	55.16851	-1.68437
NE612HS	55.15926	-1.67485
NE612SA	55.15925	-1.67785
NE614BA	55.16546	-1.96027
NE614EG	55.17274	-1.94056
NE615LX	55.24024	-1.62051
NE615LZ	55.23835	-1.61889
NE615QL	55.24115	-1.61449
NE615SY	55.21313	-1.53912
NE616UF	55.18027	-1.64852
NE616XF	55.18213	-1.64557
NE625DW	55.16033	-1.60078
NE625NB	55.16314	-1.60278
NE625UD	55.16232	-1.57650
NE630AG	55.18130	-1.56857
NE630AP	55.18246	-1.56763
NE630XX	55.18204	-1.56822
NE630YA	55.16958	-1.55191
NE638AD	55.18271	-1.57846
NE638HZ	55.18181	-1.58544
NE639AG	55.18518	-1.56589
NE639HN	55.18365	-1.55686
NE639JY	55.18549	-1.56879
NE639JZ	55.18731	-1.56728
NE639UN	55.18390	-1.56944
NE639XQ	55.18376	-1.57168
NE646BQ	55.18897	-1.51069
NE646DB	55.18534	-1.50414
NE646DR	55.18685	-1.50589
NE646ED	55.18584	-1.50837
NE646HG	55.18629	-1.51717
NE646NU	55.18389	-1.51367
NE646PN	55.18418	-1.51616
NE646QD	55.18539	-1.51144
NE646UY	55.18072	-1.51721
NE650ET	55.33217	-1.58363
NE650PE	55.32971	-1.58318
NE657DG	55.33636	-2.10584
NE657TZ	55.30888	-1.91494
NE658AH	55.30083	-1.80158
NE658UR	55.24395	-1.76778
NE659PP	55.29773	-1.71062
NE659SF	55.29333	-1.60364
NE661HB	55.41397	-1.70477
NE661PQ	55.41247	-1.70284
NE661QQ	55.40932	-1.70067
NE661TD	55.41341	-1.70490
NE661TU	55.41174	-1.70632
NE661UR	55.41076	-1.70841
NE662JH	55.40244	-1.69600
NE663JH	55.43254	-1.61925
NE663TP	55.47187	-1.59375
NE687UA	55.57689	-1.66594
NE687YL	55.57785	-1.65363
NE697AE	55.60670	-1.72209
NE707QB	55.59787	-1.83215
NE716BL	55.54652	-2.01842
NE716LP	55.54472	-2.01363
NE81BG	54.96379	-1.59996
NE81BQ	54.96353	-1.59988
NE81BX	54.96307	-1.60054
NE81EJ	54.95805	-1.59985
NE81PH	54.95742	-1.61674
NE81PL	54.95992	-1.60689
NE81QB	54.95686	-1.61098
NE81XX	54.95389	-1.61413
NE81YN	54.95117	-1.61355
NE82JR	54.96772	-1.60201
NE82PW	54.95570	-1.62247
NE82XD	54.95298	-1.61648
NE83BA	54.96923	-1.59807
NE83HE	54.95702	-1.59385
NE83NN	54.95663	-1.58822
NE83RR	54.95241	-1.59440
NE84AR	54.95038	-1.59873
NE84JB	54.95051	-1.60024
NE84LH	54.95251	-1.60511
NE84LN	54.95118	-1.60129
NE84QU	54.94823	-1.61111
NE95EY	54.93503	-1.59905
NE95RD	54.93854	-1.58778
NE96BR	54.93700	-1.60181
NE96HT	54.93041	-1.59760
NE96JA	54.93181	-1.59830
NE96RR	54.93448	-1.57885
NE96SS	54.93337	-1.57330
NE96XS	54.93353	-1.58763
NE97JL	54.92489	-1.57378
NE97YA	54.91744	-1.56590
NG146FG	53.03655	-1.08309
NG146FS	53.03568	-1.07691
NG146JX	53.03826	-1.08441
NG146JZ	53.04165	-1.08709
NG150BS	53.07206	-1.22167
NG35HE	52.97582	-1.13674
NG36FY	52.98048	-1.10887
NG41BJ	52.96577	-1.08927
NG41EE	52.96647	-1.09353
NG41FP	52.96627	-1.09643
NG41JB	52.96603	-1.11060
NG41RL	52.97010	-1.10016
NG42LJ	52.96438	-1.07560
NG42NN	52.96341	-1.07659
NG43DA	52.96657	-1.08428
NG44HX	52.98160	-1.09362
NG44HY	52.98056	-1.09192
NG54HT	52.99258	-1.13472
NG54PH	52.99049	-1.12267
NG56AA	52.99596	-1.13752
NG56BX	52.99962	-1.14454
NG56HJ	53.00033	-1.14151
NG56LU	52.99628	-1.13353
NG57DN	53.00460	-1.12932
NG57DQ	53.00503	-1.12912
NG57EE	53.00618	-1.12748
NG57EL	53.00205	-1.12884
NG57JX	53.00242	-1.11186
NG58GX	53.00992	-1.13047
NG59QP	53.01208	-1.15832
NG68TQ	53.02274	-1.17775
NN112ND	52.26792	-1.12098
NN113AF	52.22700	-1.18155
NN113RB	52.16884	-1.20901
NN113RL	52.17112	-1.20587
NN113YY	52.19988	-1.21962
NN114BL	52.25800	-1.15934
NN114BT	52.25772	-1.15993
NN114JS	52.25672	-1.14757
NN114XG	52.25900	-1.16000
NN116DH	52.17683	-1.29780
NN11RS	52.23695	-0.89947
NN126AD	52.13303	-0.98882
NN126BT	52.13273	-0.98916
NN126BX	52.13235	-0.98923
NN126DQ	52.13263	-0.99024
NN127TW	52.09392	-0.88178
NN128BL	52.14372	-1.02258
NN12BA	52.23852	-0.89160
NN12JW	52.24088	-0.90349
NN12LZ	52.24036	-0.89785
NN12SN	52.23997	-0.90126
NN12TE	52.24229	-0.89978
NN135QJ	52.08649	-1.14211
NN136AJ	52.02799	-1.15149
NN136EN	52.03074	-1.14915
NN13BG	52.24315	-0.89185
NN13HW	52.24286	-0.89593
NN13JL	52.24278	-0.88981
NN13LJ	52.24341	-0.88623
NN13RS	52.24561	-0.89608
NN14BS	52.24477	-0.88368
NN15LL	52.24385	-0.86999
NN26AL	52.24609	-0.89784
NN26HS	52.25063	-0.90086
NN27HJ	52.25374	-0.87648
NN27NX	52.26391	-0.88146
NN27QB	52.26108	-0.89008
NN32RA	52.25886	-0.86410
NN32SJ	52.25389	-0.86257
NN32TH	52.25664	-0.85336
NN36NS	52.26680	-0.86057
NN37AX	52.29050	-0.84134
NN38JZ	52.25704	-0.83546
NN38QH	52.26535	-0.81844
NN40RZ	52.21507	-0.91548
NN45DW	52.18967	-0.88709
NN46ED	52.20162	-0.88207
NN48AW	52.22517	-0.88947
NN48RR	52.22956	-0.89118
NN48SX	52.22641	-0.91686
NN49PS	52.22123	-0.92836
NN49UF	52.21884	-0.92887
NN49UG	52.22026	-0.92795
NN49XG	52.21219	-0.93101
NN54GJ	52.24376	-0.95448
NN55JW	52.23520	-0.91291
NN55LD	52.23815	-0.91318
NN55LE	52.23951	-0.91420
NN55QA	52.23506	-0.93421
NN56AA	52.24792	-0.92640
NN56AL	52.24359	-0.93354
NN56DT	52.25054	-0.94131
NN67AS	52.33237	-1.05846
NN67RR	52.30266	-1.08061
NN67TP	52.34832	-1.13819
NN69DS	52.32778	-0.90880
NN71DP	52.21307	-0.77810
NN71NB	52.23715	-0.78977
NN72AH	52.18705	-0.82214
NN72HL	52.14631	-0.84889
NN72NW	52.15847	-0.89460
NN73BE	52.22048	-1.03852
NN73BU	52.17621	-0.93889
NN73RW	52.20591	-1.00486
NR103RQ	52.69615	1.24499
NR104BW	52.77270	1.16132
NR104JJ	52.76265	1.11067
NR104LJ	52.76605	1.11231
NR104RE	52.75153	1.09293
NR116JG	52.78743	1.25387
NR116YA	52.79306	1.23733
NR117AA	52.86166	1.24389
NR117HP	52.87255	1.25952
NR11JB	52.62171	1.31249
NR11PH	52.62737	1.29993
NR120YE	52.75289	1.56856
NR128AH	52.74550	1.40187
NR128SA	52.70444	1.40071
NR129AZ	52.77123	1.51728
NR12EX	52.61437	1.29893
NR12NG	52.60717	1.29551
NR134NA	52.63061	1.45096
NR135LL	52.62546	1.43325
NR135PX	52.61948	1.43811
NR13DD	52.62666	1.29606
NR13HL	52.61966	1.29839
NR148AE	52.56045	1.23735
NR14JA	52.63083	1.31338
NR152BJ	52.43551	1.18946
NR161FD	52.53322	1.15189
NR161NQ	52.49660	1.09331
NR162EP	52.43229	1.00432
NR162LU	52.43949	0.93019
NR162QN	52.45123	0.90853
NR180AY	52.56927	1.11208
NR180DB	52.57738	1.10987
NR180PH	52.57080	1.10986
NR189SU	52.53958	1.05669
NR191AD	52.68024	0.94580
NR191DR	52.67969	0.94098
NR191ED	52.68036	0.93855
NR191FD	52.67975	0.93951
NR191RJ	52.65554	0.96793
NR191XB	52.66815	0.94600
NR192DA	52.68134	0.94333
NR203EA	52.70768	1.03672
NR204NP	52.71111	0.98204
NR204RU	52.74906	1.03410
NR217AN	52.80860	0.89934
NR219BY	52.83022	0.84847
NR219PD	52.88577	0.76614
NR21EW	52.62944	1.29125
NR21QP	52.62693	1.29254
NR21RF	52.62655	1.28970
NR22AQ	52.61846	1.27242
NR231DP	52.95546	0.85121
NR242LY	52.85035	1.06171
NR242RB	52.84670	0.99507
NR24PG	52.63129	1.28810
NR24QT	52.63575	1.28182
NR24SZ	52.63304	1.28813
NR256DA	52.90103	1.09763
NR257AH	52.94364	1.14000
NR257RJ	52.95254	1.04437
NR268QS	52.94282	1.20890
NR268WD	52.94183	1.19726
NR270NT	52.91676	1.33484
NR279AE	52.93158	1.30152
NR279DT	52.93011	1.29522
NR279ES	52.93067	1.30217
NR289DE	52.82065	1.38961
NR289DT	52.82179	1.38999
NR289WH	52.78254	1.41077
NR293HN	52.66290	1.65208
NR293RS	52.67599	1.68841
NR294NH	52.69654	1.68345
NR294PY	52.70976	1.63545
NR295AJ	52.68581	1.61834
NR295LE	52.71903	1.57312
NR301RN	52.60688	1.72611
NR302NG	52.60339	1.73553
NR302SQ	52.60429	1.72809
NR303DG	52.59737	1.73088
NR304LH	52.62004	1.72897
NR310AP	52.60788	1.71647
NR310JB	52.60384	1.72204
NR310ND	52.59290	1.70919
NR316LY	52.57707	1.72657
NR317BZ	52.57150	1.71490
NR317DB	52.57362	1.71401
NR318QQ	52.57419	1.69135
NR319JW	52.56949	1.67088
NR319LD	52.56831	1.66547
NR31DA	52.63377	1.29411
NR31DU	52.63553	1.29324
NR32HF	52.64289	1.28679
NR32LD	52.64893	1.27888
NR32RJ	52.64962	1.28052
NR33AP	52.63347	1.29244
NR33BY	52.63752	1.29297
NR33NT	52.65212	1.29282
NR33RD	52.65138	1.28603
NR340HW	52.46365	1.51718
NR34LA	52.64329	1.29733
NR34TB	52.63781	1.30240
NR351AW	52.45591	1.43688
NR58DD	52.63577	1.24680
NR58LB	52.63312	1.24455
NR58YD	52.64269	1.23894
NR65HT	52.65644	1.27593
NR65NU	52.66363	1.26648
NR70LH	52.63508	1.34252
NR70SR	52.63095	1.36078
NR79UQ	52.64305	1.33207
NR94HD	52.58085	0.97782
NR95RF	52.72072	1.06065
OL145BE	53.71451	-2.08987
OL145QG	53.71368	-2.09553
OL147BD	53.71408	-2.09784
OL147LB	53.71268	-2.09883
OL148JY	53.73222	-2.13585
PE133NR	52.67666	0.16640
PE148JB	52.66815	0.25574
PE149AJ	52.60609	0.22184
PE149LL	52.55796	0.19727
PE150AY	52.56370	0.06687
PE150JN	52.48454	0.17468
PE150QT	52.50955	0.08250
PE150SP	52.49515	0.05953
PE150XG	52.49276	-0.02403
PE191PL	52.22777	-0.25737
PE192BH	52.22855	-0.27195
PE192SA	52.21685	-0.26860
PE195TL	52.29406	-0.25396
PE195UY	52.29270	-0.24640
PE196EY	52.25074	-0.25957
PE196QY	52.24320	-0.26797
PE196SL	52.23219	-0.24582
PE197BA	52.22371	-0.28311
PE261HG	52.44907	-0.10650
PE262UH	52.48734	-0.10643
PE273LE	52.33845	-0.06522
PE275BW	52.32264	-0.06889
PE275BX	52.32458	-0.07617
PE275EX	52.31371	-0.08239
PE276DG	52.32728	-0.07941
PE276WU	52.32980	-0.08466
PE282TA	52.40365	-0.07920
PE283DD	52.38576	-0.04663
PE285TS	52.43825	-0.28701
PE285UX	52.43722	-0.28375
PE289BJ	52.31864	-0.10344
PE289JR	52.30169	-0.06603
PE291PE	52.34280	-0.17094
PE292BJ	52.31974	-0.17103
PE293NR	52.33027	-0.18473
PE293PA	52.32965	-0.18444
PE293TE	52.32816	-0.17979
PE297DA	52.34022	-0.18690
PE301EX	52.75652	0.39684
PE301NF	52.75406	0.40096
PE301QD	52.75465	0.40163
PE301QW	52.75833	0.39762
PE305JS	52.74252	0.39597
PE305PB	52.74961	0.40735
PE305RT	52.74981	0.40538
PE317LX	52.87954	0.50397
PE318AA	52.96299	0.64340
PE318NQ	52.90122	0.63149
PE321PA	52.74374	0.55733
PE322HU	52.77738	0.66343
PE322NF	52.70622	0.81636
PE339AP	52.58628	0.48024
PE339EJ	52.62920	0.49168
PE339GF	52.62186	0.52933
PE339JA	52.65910	0.52569
PE339QB	52.58492	0.57418
PE339RF	52.58762	0.45509
PE339SG	52.57043	0.51003
PE339SW	52.57332	0.50932
PE343DU	52.70110	0.35692
PE344DT	52.75657	0.35741
PE344HE	52.75524	0.23789
PE344SJ	52.73581	0.32059
PE365LU	52.89939	0.54058
PE366BE	52.94073	0.49020
PE366BQ	52.94018	0.48869
PE377RB	52.64672	0.69114
PE389DW	52.60273	0.37452
PE389HS	52.60408	0.37732
PE73AT	52.52441	-0.23487
PE73JL	52.51686	-0.25110
PE73LX	52.51907	-0.25720
PL11TL	50.37036	-4.15380
PL11TP	50.37090	-4.15341
PL12AD	50.36952	-4.14059
PL12BL	50.36706	-4.13594
PL12DA	50.36879	-4.13759
PL13EZ	50.36990	-4.15311
PL13HB	50.36928	-4.15662
PL14BU	50.37408	-4.17083
PL15EE	50.37310	-4.15577
PL21RS	50.38033	-4.17672
PL22DT	50.38812	-4.17560
PL23DG	50.38551	-4.15172
PL36HU	50.38969	-4.10572
PL40QD	50.36671	-4.12008
PL46BW	50.37822	-4.13879
PL46LB	50.38097	-4.13377
PL48PE	50.37764	-4.13094
PL49BA	50.37233	-4.13221
PL49RD	50.37843	-4.10995
PL51DJ	50.39920	-4.19310
PL52HN	50.41328	-4.17586
PL53FD	50.40913	-4.14532
PL53NG	50.40263	-4.15412
PL54DD	50.41876	-4.15261
PL66TB	50.42751	-4.13608
PL67JA	50.42721	-4.10708
PL68BH	50.42086	-4.11075
PL68UE	50.41127	-4.09520
PL72AS	50.38890	-4.05511
PL72PS	50.38744	-4.05325
PL74RR	50.39431	-4.07399
PL98FA	50.36584	-4.05230
PL99AH	50.36152	-4.08962
PL99QS	50.35286	-4.11021
PO304BD	50.64250	-1.39816
PO305LS	50.69943	-1.32129
PO368AF	50.65582	-1.15093
PO368ET	50.65493	-1.15393
PO369ET	50.65105	-1.16185
PO369JT	50.64589	-1.16819
PO376JN	50.62826	-1.17945
PO381EJ	50.59398	-1.20269
PO381LT	50.59549	-1.20385
PO381LZ	50.59646	-1.20031
PO381SW	50.59471	-1.20608
PO382AZ	50.58724	-1.28431
PO383PH	50.61637	-1.22529
PO409ER	50.68172	-1.52495
PR58HL	53.71241	-2.63797
PR60PR	53.65117	-2.61848
PR67EQ	53.67100	-2.63002
PR68PU	53.68859	-2.57033
PR68QP	53.68822	-2.56852
PR71BS	53.65233	-2.62813
PR71EB	53.65450	-2.63130
PR71EP	53.65519	-2.63174
PR71JF	53.65321	-2.63612
PR81DJ	53.64695	-3.00637
PR81NW	53.64814	-3.00863
PR83HW	53.60240	-3.03882
PR83RS	53.59158	-3.03644
PR84AR	53.63392	-3.01367
PR84PD	53.62112	-3.01421
PR86DG	53.64278	-2.97629
PR86HQ	53.64336	-2.97551
PR99DX	53.65072	-2.98392
PR99JQ	53.65230	-2.98815
RM112BU	51.57455	0.21361
RM112LG	51.58327	0.22089
RM113NN	51.56374	0.23264
RM11JU	51.57808	0.17998
RM124RA	51.55387	0.20118
RM126NB	51.56027	0.22029
RM137XT	51.53481	0.19474
RM138PJ	51.52758	0.16818
RM13BL	51.58081	0.18590
RM141HN	51.56924	0.27645
RM141LD	51.56702	0.26768
RM141XN	51.56314	0.26614
RM25AA	51.57791	0.19091
RM38HX	51.60572	0.22011
RM39EN	51.60832	0.22389
RM39LB	51.60582	0.22602
RM39PP	51.60366	0.23706
S25HR	53.37581	-1.45128
SA11LF	51.62269	-3.94258
SA11PE	51.62384	-3.94162
SA11RR	51.61875	-3.93602
SA11SN	51.61774	-3.93808
SA13LP	51.61870	-3.94241
SA13PQ	51.61922	-3.94493
SA13RD	51.61636	-3.93878
SA13SN	51.61371	-3.94835
SA13TE	51.61634	-3.95147
SA15AW	51.62313	-3.94280
SA15BJ	51.62583	-3.94250
SA15DF	51.62261	-3.94474
SA15DZ	51.62382	-3.94438
SA15PQ	51.61941	-3.95755
SA16EU	51.62242	-3.95473
SA16PH	51.62615	-3.96732
SA16TD	51.63182	-3.95245
SA17AW	51.63971	-3.91981
SA18BP	51.62200	-3.92881
SA18EZ	51.62406	-3.92491
SA18LQ	51.62179	-3.91345
SA20AR	51.61321	-3.96705
SA20BP	51.61400	-3.96867
SA20HN	51.61715	-3.96850
SA20PS	51.62080	-3.97074
SA20UN	51.62084	-3.98421
SA27QS	51.61833	-4.02340
SA28HQ	51.61722	-3.99566
SA29BH	51.61836	-3.98859
SA29BP	51.62124	-3.99068
SA31EH	51.60781	-4.17140
SA32AD	51.57563	-4.08325
SA33JB	51.58539	-4.03121
SA34AA	51.57487	-3.99962
SA34BA	51.57614	-4.00102
SA34BN	51.57524	-4.00381
SA34SD	51.57273	-4.01827
SA35LD	51.58822	-4.00923
SA43BU	51.64678	-4.04164
SA43FU	51.64230	-4.11064
SA44AA	51.66817	-4.04120
SA44GD	51.67946	-4.05266
SA44NU	51.66885	-4.04625
SA44NW	51.66957	-4.04287
SA48HU	51.71269	-4.03348
SA48PA	51.71484	-4.03731
SA48TE	51.71544	-4.04221
SA49EZ	51.69235	-4.00973
SA57AH	51.64806	-3.95912
SA57BX	51.65028	-3.95621
SA58BS	51.64333	-3.96866
SA58DA	51.64022	-3.97258
SA59LH	51.64190	-3.94453
SA65DX	51.69625	-3.90624
SA65LN	51.69586	-3.89245
SA65QR	51.69572	-3.88885
SA67AA	51.66693	-3.92667
SA67HJ	51.66309	-3.94060
SA68AS	51.66457	-3.92598
SA79BD	51.66138	-3.88794
SA79QP	51.65960	-3.89106
SE207BE	51.41949	-0.05581
SE207EA	51.41766	-0.05329
SE207EQ	51.41691	-0.05508
SE207JA	51.41475	-0.05027
SE207JX	51.41445	-0.05018
SE207LX	51.41889	-0.04978
SE208BD	51.41211	-0.06752
SE208EU	51.41103	-0.05782
SE208PL	51.41446	-0.06571
SE94AQ	51.42642	0.04815
SE94QZ	51.43698	0.04439
SE94TA	51.43208	0.04813
SG11LZ	51.90186	-0.20534
SG36XA	51.85214	-0.18343
SG51HF	51.95046	-0.28303
SG85AL	52.04899	-0.02476
SK131AR	53.46280	-1.96762
SK131JN	53.47102	-1.97135
SK131JZ	53.47346	-1.96342
SK137AR	53.44590	-1.95105
SK137DQ	53.44655	-1.95009
SK138AT	53.44277	-1.95283
SK138BW	53.44396	-1.95000
SK138JN	53.43797	-1.95169
SK176BH	53.25866	-1.91429
SK176BZ	53.25919	-1.91030
SK176EQ	53.25647	-1.91492
SK176HJ	53.25401	-1.91623
SK176JZ	53.25552	-1.91291
SK223EL	53.36488	-2.00120
SK224AE	53.36736	-2.00188
SK224BR	53.36875	-1.99999
SK224PB	53.36153	-1.99407
SK230HP	53.32353	-1.91389
SK237JE	53.32472	-1.98461
SK237LP	53.32967	-1.98374
SK239TJ	53.32232	-1.92443
SN11BA	51.56218	-1.78512
SN11QG	51.55855	-1.78127
SN12AN	51.56522	-1.77726
SN14AS	51.55241	-1.77781
SN14BA	51.55285	-1.77936
SN15BN	51.56175	-1.79178
SN15BP	51.56213	-1.79085
SN15EH	51.56124	-1.79463
SN21AA	51.57056	-1.77715
SN21HL	51.57110	-1.79219
SN21QR	51.58218	-1.78247
SN22PF	51.58054	-1.79841
SN251QQ	51.59234	-1.80774
SN252SJ	51.60916	-1.79984
SN253DJ	51.58465	-1.80106
SN253ER	51.58524	-1.81175
SN254AN	51.59712	-1.80736
SN25DB	51.59669	-1.78728
SN25DU	51.59068	-1.78096
SN267DA	51.61346	-1.77751
SN27QQ	51.58966	-1.76507
SN31AW	51.56249	-1.77034
SN31JL	51.54771	-1.76141
SN32LG	51.55493	-1.75244
SN32LZ	51.55309	-1.74994
SN33BS	51.56040	-1.75589
SN34HY	51.57363	-1.73686
SN34JY	51.57947	-1.74563
SN34WF	51.58806	-1.74776
SN35BY	51.56441	-1.73160
SN36HF	51.54651	-1.72882
SN36HP	51.54785	-1.73007
SN49LN	51.52445	-1.79445
SN55PY	51.56784	-1.83729
SN57AR	51.56185	-1.81778
SN57XF	51.55723	-1.81665
SN58NU	51.54811	-1.83635
SN58SX	51.55355	-1.82184
SN67AJ	51.62895	-1.70956
SR67BY	54.95023	-1.36473
SR67EN	54.95099	-1.36464
TA109PQ	51.03693	-2.83071
TA11SQ	51.01635	-3.10230
TA13JT	51.00900	-3.10719
TA165QH	50.90889	-2.79865
TA187QX	50.89374	-2.75787
TA190DU	50.92773	-2.91237
TA202AH	50.87201	-2.96554
TA202DN	50.87018	-2.96413
TA202RX	50.84373	-2.95578
TA230AE	51.18192	-3.33019
TA245BJ	51.20349	-3.46849
TA26HD	51.02385	-3.10569
TA27HD	51.03254	-3.09195
TA27QP	51.03772	-3.10040
TA35JD	51.01964	-3.04510
TA35PP	51.02298	-3.03577
TA35QQ	51.02545	-3.03888
TA36LJ	51.02459	-2.97107
TA37JZ	50.99408	-3.11957
TA44PY	51.16100	-3.32026
TA52HF	51.15022	-3.06803
TA63EQ	51.12740	-3.00471
TA63NJ	51.12846	-3.00132
TA64JA	51.12706	-2.98048
TA64QZ	51.13075	-2.98303
TA64RY	51.18081	-3.00298
TA70QG	51.08029	-2.88355
TA78JQ	51.16246	-2.93753
TA81AR	51.23713	-2.99830
TA81EH	51.23807	-2.99599
TA93FU	51.22366	-2.97882
TA94JG	51.26305	-2.93348
TD151BG	55.76994	-2.00571
TD151DB	55.77081	-2.00518
TD151DF	55.77120	-2.00118
TD151NG	55.77249	-2.00942
TD152AS	55.75943	-2.00843
TD152DB	55.75477	-2.01045
TD152HQ	55.76967	-2.01247
TD152JL	55.75293	-1.99623
TD152RB	55.73654	-1.98989
TN163LB	51.31235	0.03655
TR112ES	50.16145	-5.08661
TR113PQ	50.15571	-5.07178
TR11EF	50.26446	-5.04857
TR127BT	50.02780	-5.24084
TR130LW	50.11234	-5.26977
TR138PS	50.10163	-5.27322
TR139RA	50.13426	-5.34819
TR13ND	50.26359	-5.07043
TR140GP	50.19409	-5.31397
TR140JU	50.17464	-5.31181
TR140QE	50.20604	-5.31505
TR147DF	50.21380	-5.30239
TR148HW	50.21339	-5.29430
TR148RQ	50.21974	-5.28448
TR149EG	50.19575	-5.27877
TR151LS	50.23715	-5.22945
TR152LL	50.23093	-5.22496
TR183FJ	50.12720	-5.54132
TR183PE	50.12597	-5.53906
TR184BH	50.11685	-5.53591
TR184DA	50.11624	-5.53780
TR185AR	50.10088	-5.55163
TR197RD	50.11578	-5.68035
TR197SE	50.15062	-5.66631
TR25AG	50.15963	-5.01303
TR25EE	50.17803	-4.97871
TR25QA	50.21868	-4.92284
TR274DE	50.18974	-5.41651
TR37EE	50.19541	-5.14003
TR37JU	50.21094	-5.12115
TR60HG	50.34166	-5.15260
TR71BL	50.41319	-5.08075
TR71JR	50.41323	-5.08818
TR73BW	50.41492	-5.05790
TR96RH	50.43393	-4.94094
TS159AJ	54.50954	-1.35324
TS159BH	54.50850	-1.35449
TS159EL	54.49886	-1.35778
TS159QS	54.50072	-1.35577
TS160EH	54.52004	-1.35891
TS160RD	54.53207	-1.35892
TS175BL	54.51858	-1.31994
TS175LL	54.52340	-1.32610
TS176HN	54.55327	-1.30067
TS176JL	54.55377	-1.30248
TS176LS	54.55123	-1.30527
TS176PF	54.55503	-1.30149
TS177EW	54.55523	-1.29526
TS177HB	54.55437	-1.29405
TS178AA	54.55011	-1.30594
TS178AW	54.54950	-1.29994
TS179EW	54.53854	-1.29109
TS179PJ	54.53449	-1.29063
TS179RG	54.53033	-1.28952
TS181EG	54.56184	-1.31703
TS181LL	54.56427	-1.31645
TS181NU	54.56491	-1.31809
TS181SP	54.56590	-1.31226
TS181TE	54.56624	-1.30964
TS181TU	54.56659	-1.31120
TS181TY	54.56699	-1.31236
TS182HX	54.57152	-1.30369
TS183BB	54.56117	-1.31013
TS183ET	54.55780	-1.31748
TS183NA	54.56014	-1.32284
TS183NG	54.55904	-1.32345
TS183NW	54.55922	-1.32213
TS183PJ	54.55656	-1.32384
TS183SY	54.55770	-1.31629
TS184HY	54.56311	-1.34174
TS184PB	54.57042	-1.32859
TS185BE	54.55457	-1.33496
TS185HP	54.55660	-1.34441
TS190DE	54.57133	-1.32207
TS190DZ	54.57603	-1.32841
TS190FB	54.58097	-1.32565
TS197AJ	54.56272	-1.35094
TS198BG	54.57654	-1.34557
TS198PH	54.58489	-1.34810
TS199AY	54.58800	-1.33838
TS199BX	54.58804	-1.34198
TS201AE	54.58950	-1.31185
TS201BY	54.58749	-1.31908
TS201DT	54.59236	-1.31161
TS201EJ	54.59130	-1.31432
TS201RF	54.58982	-1.32424
TS202EW	54.58211	-1.30863
TS202ND	54.58203	-1.31754
TS202QB	54.57995	-1.31258
TS202QQ	54.58527	-1.31052
TS211DD	54.54039	-1.41124
TS211JE	54.60579	-1.41974
TS21SY	54.59056	-1.23571
TS232DD	54.60854	-1.28994
TS232LN	54.60672	-1.29093
TS232QL	54.60393	-1.28739
TS233AB	54.61128	-1.28296
TS233PF	54.61866	-1.27279
WA101AF	53.45129	-2.73480
WA101BX	53.45008	-2.73502
WA102JZ	53.45483	-2.74101
WA102LT	53.45502	-2.74994
WA103JQ	53.45025	-2.74079
WA103QS	53.43915	-2.75954
WA103RN	53.44771	-2.75123
WA104HW	53.45402	-2.75875
WA105PJ	53.46185	-2.77493
WA110BG	53.46754	-2.68828
WA110LY	53.46879	-2.65683
WA117EQ	53.47449	-2.72398
WA117PG	53.47645	-2.72178
WA119QF	53.46510	-2.70805
WA120AG	53.46001	-2.62570
WA128EX	53.44712	-2.62700
WA129NW	53.45326	-2.64599
WA129SP	53.45643	-2.61655
WA129TU	53.45604	-2.63746
WA92DZ	53.45424	-2.70037
WA92LU	53.44785	-2.68853
WA94DE	53.41925	-2.72581
WA95AU	53.42685	-2.73129
WA95JA	53.43307	-2.74945
WD231BD	51.64470	-0.36612
WD233AD	51.64643	-0.36764
WD233DG	51.65062	-0.35354
WD257QU	51.69207	-0.40009
WD39SL	51.62313	-0.50869
WD61PN	51.66082	-0.27828
WD64TB	51.66673	-0.29400
WD65EQ	51.66544	-0.28022
WD77AA	51.68313	-0.31727
WD78HL	51.68200	-0.31733
WD78NN	51.67935	-0.33169
WN57LA	53.49999	-2.70367
WN57QT	53.48955	-2.71667
YO103AX	53.95707	-1.04449
YO104UA	53.95114	-1.07542
YO242PT	53.93827	-1.11543
YO243BZ	53.95440	-1.12692
YO307AZ	53.97178	-1.08715
YO323HT	54.01667	-1.07390
